protocolo,creacion_utc,registro_iot_hub_utc,latencia_ms
amqp,2026-10-02T16:09:51.24Z,2026-10-02T16:09:51.382Z,142
amqp,2026-10-02T16:09:56.238Z,2026-10-02T16:09:56.336Z,98
amqp,2026-10-02T16:10:01.24Z,2026-10-02T16:10:01.352Z,112
amqp,2026-10-02T16:10:06.242Z,2026-10-02T16:10:06.336Z,94
amqp,2026-10-02T16:10:11.244Z,2026-10-02T16:10:11.352Z,108
amqp,2026-10-02T16:10:16.245Z,2026-10-02T16:10:16.355Z,110
amqp,2026-10-02T16:10:21.247Z,2026-10-02T16:10:21.353Z,106
amqp,2026-10-02T16:10:26.249Z,2026-10-02T16:10:26.354Z,105
amqp,2026-10-02T16:10:31.251Z,2026-10-02T16:10:31.356Z,105
amqp,2026-10-02T16:10:36.252Z,2026-10-02T16:10:36.357Z,105
https,2026-10-02T16:17:17.493Z,2026-10-02T16:17:17.666Z,173
https,2026-10-02T16:17:22.697Z,2026-10-02T16:17:22.808Z,111
https,2026-10-02T16:17:27.838Z,2026-10-02T16:17:27.948Z,110
https,2026-10-02T16:17:32.983Z,2026-10-02T16:17:33.09Z,107
https,2026-10-02T16:17:38.127Z,2026-10-02T16:17:38.234Z,107
https,2026-10-02T16:17:43.266Z,2026-10-02T16:17:43.374Z,108
https,2026-10-02T16:17:48.403Z,2026-10-02T16:17:48.516Z,113
https,2026-10-02T16:17:53.552Z,2026-10-02T16:17:53.656Z,104
https,2026-10-02T16:17:58.694Z,2026-10-02T16:17:58.797Z,103
https,2026-10-02T16:18:03.835Z,2026-10-02T16:18:03.938Z,103
https_nueva,2026-10-02T16:18:23.959Z,2026-10-02T16:18:24.066Z,107
https_nueva,2026-10-02T16:18:29.241Z,2026-10-02T16:18:29.392Z,151
https_nueva,2026-10-02T16:18:34.565Z,2026-10-02T16:18:34.706Z,141
https_nueva,2026-10-02T16:18:39.877Z,2026-10-02T16:18:40.049Z,172
https_nueva,2026-10-02T16:18:45.218Z,2026-10-02T16:18:45.38Z,162
https_nueva,2026-10-02T16:18:50.546Z,2026-10-02T16:18:50.708Z,162
https_nueva,2026-10-02T16:18:55.886Z,2026-10-02T16:18:56.037Z,151
https_nueva,2026-10-02T16:19:01.22Z,2026-10-02T16:19:01.398Z,178
https_nueva,2026-10-02T16:19:06.563Z,2026-10-02T16:19:06.726Z,163
https_nueva,2026-10-02T16:19:11.908Z,2026-10-02T16:19:12.071Z,163
mqtt,2026-10-02T16:20:46.876Z,2026-10-02T16:20:46.98Z,104
mqtt,2026-10-02T16:20:52.017Z,2026-10-02T16:20:52.122Z,105
mqtt,2026-10-02T16:20:57.157Z,2026-10-02T16:20:57.263Z,106
mqtt,2026-10-02T16:21:02.302Z,2026-10-02T16:21:02.404Z,102
mqtt,2026-10-02T16:21:07.436Z,2026-10-02T16:21:07.546Z,110
mqtt,2026-10-02T16:21:12.577Z,2026-10-02T16:21:12.687Z,110
mqtt,2026-10-02T16:21:17.718Z,2026-10-02T16:21:17.833Z,115
mqtt,2026-10-02T16:21:22.868Z,2026-10-02T16:21:22.975Z,107
mqtt,2026-10-02T16:21:28.005Z,2026-10-02T16:21:28.102Z,97
mqtt,2026-10-02T16:21:33.146Z,2026-10-02T16:21:33.259Z,113
