dispositivo,variable,dia_local,horas_con_datos,recuento,minimo,maximo,promedio,sumatoria
gz-01-lote1-wokwi,bateria,2026-09-21,2,19,62,63,62.211,1182.0
gz-01-lote1-wokwi,bateria,2026-09-22,2,75,95,97,95.507,7163.0
gz-01-lote1-wokwi,bateria,2026-09-25,2,91,92,96,93.593,8517.0
gz-01-lote1-wokwi,bateria,2026-09-26,2,51,60,63,61.667,3145.0
gz-01-lote1-wokwi,ceSuelo,2026-09-21,2,19,0.1,3.97,0.915,17.38
gz-01-lote1-wokwi,ceSuelo,2026-09-22,2,75,1.44,1.54,1.518,113.86
gz-01-lote1-wokwi,ceSuelo,2026-09-25,2,91,0.82,1.58,1.188,108.15
gz-01-lote1-wokwi,ceSuelo,2026-09-26,2,51,0.89,0.99,0.938,47.86
gz-01-lote1-wokwi,humedadSuelo,2026-09-21,2,19,34.2,48,37.105,705.0
gz-01-lote1-wokwi,humedadSuelo,2026-09-22,2,75,38.3,39.6,39.253,2944.0
gz-01-lote1-wokwi,humedadSuelo,2026-09-25,2,91,27.6,42.4,30.18,2746.4
gz-01-lote1-wokwi,humedadSuelo,2026-09-26,2,51,33.5,35.4,34.465,1757.7
gz-01-lote1-wokwi,parPPFD,2026-09-21,2,19,0,82,17.263,328.0
gz-01-lote1-wokwi,parPPFD,2026-09-22,2,75,641,692,662.093,49657.0
gz-01-lote1-wokwi,parPPFD,2026-09-25,2,91,563,718,636.088,57884.0
gz-01-lote1-wokwi,parPPFD,2026-09-26,2,51,0,0,0.0,0.0
gz-01-lote1-wokwi,rssi,2026-09-21,2,19,-99,-72,-86.263,-1639.0
gz-01-lote1-wokwi,rssi,2026-09-22,2,75,-99,-57,-82.627,-6197.0
gz-01-lote1-wokwi,rssi,2026-09-25,2,91,-100,-59,-83.154,-7567.0
gz-01-lote1-wokwi,rssi,2026-09-26,2,51,-100,-64,-85.157,-4343.0
gz-01-lote1-wokwi,tempCanopy,2026-09-21,2,19,21,26,22.053,419.0
gz-01-lote1-wokwi,tempCanopy,2026-09-22,2,75,30.1,31.1,30.433,2282.5
gz-01-lote1-wokwi,tempCanopy,2026-09-25,2,91,29.5,30.8,30.005,2730.5
gz-01-lote1-wokwi,tempCanopy,2026-09-26,2,51,20.5,21.6,21.069,1074.5
gz-01-lote1-wokwi,tempSuelo,2026-09-21,2,19,22.4,23,22.526,428.0
gz-01-lote1-wokwi,tempSuelo,2026-09-22,2,75,24.2,24.9,24.461,1834.6
gz-01-lote1-wokwi,tempSuelo,2026-09-25,2,91,24,25.4,24.94,2269.5
gz-01-lote1-wokwi,tempSuelo,2026-09-26,2,51,23.2,23.6,23.367,1191.7
gz-02-lote2-python,bateria,2026-09-21,2,396,64,67,65.896,26095.0
gz-02-lote2-python,bateria,2026-09-22,24,5711,62,93,73.349,418896.0
gz-02-lote2-python,bateria,2026-09-23,24,5708,62,96,74.75,426674.0
gz-02-lote2-python,bateria,2026-09-24,24,5706,63,94,74.288,423889.0
gz-02-lote2-python,bateria,2026-09-25,24,5707,62,93,74.073,422735.0
gz-02-lote2-python,bateria,2026-09-26,24,5706,62,94,73.8,421104.0
gz-02-lote2-python,bateria,2026-09-27,24,5707,62,94,73.37,418724.0
gz-02-lote2-python,bateria,2026-09-28,20,4665,62,94,75.624,352784.0
gz-02-lote2-python,ceSuelo,2026-09-21,2,396,1.01,1.19,1.094,433.34
gz-02-lote2-python,ceSuelo,2026-09-22,24,5711,0.96,1.26,1.109,6334.48
gz-02-lote2-python,ceSuelo,2026-09-23,24,5708,0.98,1.27,1.118,6382.79
gz-02-lote2-python,ceSuelo,2026-09-24,24,5706,0.75,1.25,1.105,6305.84
gz-02-lote2-python,ceSuelo,2026-09-25,24,5707,0.79,1.27,1.112,6346.87
gz-02-lote2-python,ceSuelo,2026-09-26,24,5706,0.96,1.29,1.122,6403.92
gz-02-lote2-python,ceSuelo,2026-09-27,24,5707,0.99,1.28,1.138,6492.96
gz-02-lote2-python,ceSuelo,2026-09-28,20,4665,0.97,1.27,1.132,5280.72
gz-02-lote2-python,humedadSuelo,2026-09-21,2,396,28.4,32.2,30.712,12161.9
gz-02-lote2-python,humedadSuelo,2026-09-22,24,5711,26.8,33,29.765,169989.5
gz-02-lote2-python,humedadSuelo,2026-09-23,24,5708,26.8,31.8,29.651,169249.8
gz-02-lote2-python,humedadSuelo,2026-09-24,24,5706,26.4,38.1,29.789,169976.2
gz-02-lote2-python,humedadSuelo,2026-09-25,24,5707,25.8,37.2,29.744,169748.2
gz-02-lote2-python,humedadSuelo,2026-09-26,24,5706,25.8,32.7,29.423,167884.9
gz-02-lote2-python,humedadSuelo,2026-09-27,24,5707,26,32.1,29.466,168161.8
gz-02-lote2-python,humedadSuelo,2026-09-28,20,4665,26,32.5,29.35,136916.1
gz-02-lote2-python,parPPFD,2026-09-21,2,396,0,0,0.0,0.0
gz-02-lote2-python,parPPFD,2026-09-22,24,5711,0,708,167.063,954097.0
gz-02-lote2-python,parPPFD,2026-09-23,24,5708,0,818,170.256,971823.0
gz-02-lote2-python,parPPFD,2026-09-24,24,5706,0,662,171.731,979895.0
gz-02-lote2-python,parPPFD,2026-09-25,24,5707,0,879,219.925,1255111.0
gz-02-lote2-python,parPPFD,2026-09-26,24,5706,0,830,181.24,1034158.0
gz-02-lote2-python,parPPFD,2026-09-27,24,5707,0,875,207.148,1182194.0
gz-02-lote2-python,parPPFD,2026-09-28,20,4665,0,758,231.431,1079627.0
gz-02-lote2-python,rssi,2026-09-21,2,396,-80,-61,-72.384,-28664.0
gz-02-lote2-python,rssi,2026-09-22,24,5711,-83,-60,-70.215,-400998.0
gz-02-lote2-python,rssi,2026-09-23,24,5708,-83,-60,-70.901,-404702.0
gz-02-lote2-python,rssi,2026-09-24,24,5706,-83,-60,-70.723,-403543.0
gz-02-lote2-python,rssi,2026-09-25,24,5707,-83,-60,-70.789,-403993.0
gz-02-lote2-python,rssi,2026-09-26,24,5706,-83,-60,-70.422,-401830.0
gz-02-lote2-python,rssi,2026-09-27,24,5707,-82,-60,-71.101,-405772.0
gz-02-lote2-python,rssi,2026-09-28,20,4665,-83,-60,-70.714,-329881.0
gz-02-lote2-python,tempCanopy,2026-09-21,2,396,20.2,21.8,21.104,8357.0
gz-02-lote2-python,tempCanopy,2026-09-22,24,5711,20.3,28.3,22.85,130495.2
gz-02-lote2-python,tempCanopy,2026-09-23,24,5708,20.1,30.1,22.782,130041.3
gz-02-lote2-python,tempCanopy,2026-09-24,24,5706,20.1,27.6,22.739,129751.3
gz-02-lote2-python,tempCanopy,2026-09-25,24,5707,20.1,30,23.245,132660.6
gz-02-lote2-python,tempCanopy,2026-09-26,24,5706,20.1,29.4,22.843,130342.4
gz-02-lote2-python,tempCanopy,2026-09-27,24,5707,20.1,30.5,23.195,132374.2
gz-02-lote2-python,tempCanopy,2026-09-28,20,4665,20.2,30.8,23.425,109278.9
gz-02-lote2-python,tempSuelo,2026-09-21,2,396,22,22.4,22.084,8745.1
gz-02-lote2-python,tempSuelo,2026-09-22,24,5711,22,25,23.034,131545.5
gz-02-lote2-python,tempSuelo,2026-09-23,24,5708,21.9,25.1,22.985,131199.6
gz-02-lote2-python,tempSuelo,2026-09-24,24,5706,21.9,24.9,23.062,131589.1
gz-02-lote2-python,tempSuelo,2026-09-25,24,5707,22,25.1,23.154,132137.1
gz-02-lote2-python,tempSuelo,2026-09-26,24,5706,22,25.4,23.056,131559.0
gz-02-lote2-python,tempSuelo,2026-09-27,24,5707,21.9,25.2,23.171,132237.2
gz-02-lote2-python,tempSuelo,2026-09-28,20,4665,22,25.5,23.228,108360.3
gz-03-lote3-twin,bateria,2026-09-21,2,81,0,99,50.654,4103.0
gz-03-lote3-twin,bateria,2026-09-22,24,1158,2,97,50.016,57918.0
gz-03-lote3-twin,bateria,2026-09-23,24,1153,3,98,50.014,57666.0
gz-03-lote3-twin,bateria,2026-09-24,24,1157,2,98,50.136,58007.0
gz-03-lote3-twin,bateria,2026-09-25,24,1157,1,100,49.888,57720.0
gz-03-lote3-twin,bateria,2026-09-26,24,1157,4,95,50.044,57901.0
gz-03-lote3-twin,bateria,2026-09-27,24,1157,1,98,50.066,57926.0
gz-03-lote3-twin,bateria,2026-09-28,20,946,4,96,49.874,47181.0
gz-03-lote3-twin,ceSuelo,2026-09-21,2,81,0.09,19.03,9.962,806.9
gz-03-lote3-twin,ceSuelo,2026-09-22,24,1158,0.14,19.91,9.997,11577.08
gz-03-lote3-twin,ceSuelo,2026-09-23,24,1153,0.46,19.87,9.986,11514.2
gz-03-lote3-twin,ceSuelo,2026-09-24,24,1157,0.43,19.88,9.995,11564.31
gz-03-lote3-twin,ceSuelo,2026-09-25,24,1157,0.48,19.31,9.993,11561.93
gz-03-lote3-twin,ceSuelo,2026-09-26,24,1157,0.6,19.74,9.992,11560.95
gz-03-lote3-twin,ceSuelo,2026-09-27,24,1157,0.39,19.28,9.995,11564.28
gz-03-lote3-twin,ceSuelo,2026-09-28,20,946,0.48,19.17,9.999,9458.59
gz-03-lote3-twin,humedadSuelo,2026-09-21,2,81,7.8,65.4,35.612,2884.6
gz-03-lote3-twin,humedadSuelo,2026-09-22,24,1158,2.1,67.4,34.934,40453.5
gz-03-lote3-twin,humedadSuelo,2026-09-23,24,1153,1.2,69.4,34.875,40211.0
gz-03-lote3-twin,humedadSuelo,2026-09-24,24,1157,0.8,68.7,34.95,40436.6
gz-03-lote3-twin,humedadSuelo,2026-09-25,24,1157,2.2,68.6,34.941,40426.7
gz-03-lote3-twin,humedadSuelo,2026-09-26,24,1157,2.3,67.1,34.918,40400.6
gz-03-lote3-twin,humedadSuelo,2026-09-27,24,1157,0.9,68.7,34.945,40431.1
gz-03-lote3-twin,humedadSuelo,2026-09-28,20,946,1.1,68.3,35.059,33165.6
gz-03-lote3-twin,parPPFD,2026-09-21,2,81,397,2228,1252.642,101464.0
gz-03-lote3-twin,parPPFD,2026-09-22,24,1158,83,2411,1251.307,1449013.0
gz-03-lote3-twin,parPPFD,2026-09-23,24,1153,22,2434,1253.979,1445838.0
gz-03-lote3-twin,parPPFD,2026-09-24,24,1157,34,2442,1250.817,1447195.0
gz-03-lote3-twin,parPPFD,2026-09-25,24,1157,62,2462,1248.513,1444529.0
gz-03-lote3-twin,parPPFD,2026-09-26,24,1157,63,2421,1244.008,1439317.0
gz-03-lote3-twin,parPPFD,2026-09-27,24,1157,95,2478,1253.648,1450471.0
gz-03-lote3-twin,parPPFD,2026-09-28,20,946,125,2415,1247.54,1180173.0
gz-03-lote3-twin,rssi,2026-09-21,2,81,-105,-17,-60.383,-4891.0
gz-03-lote3-twin,rssi,2026-09-22,24,1158,-116,-6,-60.207,-69720.0
gz-03-lote3-twin,rssi,2026-09-23,24,1153,-119,-4,-59.9,-69065.0
gz-03-lote3-twin,rssi,2026-09-24,24,1157,-118,-3,-60.013,-69435.0
gz-03-lote3-twin,rssi,2026-09-25,24,1157,-119,-3,-60.044,-69471.0
gz-03-lote3-twin,rssi,2026-09-26,24,1157,-117,-4,-59.974,-69390.0
gz-03-lote3-twin,rssi,2026-09-27,24,1157,-118,-3,-60.039,-69465.0
gz-03-lote3-twin,rssi,2026-09-28,20,946,-118,-4,-59.974,-56735.0
gz-03-lote3-twin,tempCanopy,2026-09-21,2,81,-12.5,72.2,29.006,2349.5
gz-03-lote3-twin,tempCanopy,2026-09-22,24,1158,-17.3,77.5,29.659,34345.5
gz-03-lote3-twin,tempCanopy,2026-09-23,24,1153,-15.9,77.2,30.171,34787.1
gz-03-lote3-twin,tempCanopy,2026-09-24,24,1157,-17,78.8,29.953,34655.2
gz-03-lote3-twin,tempCanopy,2026-09-25,24,1157,-16.6,75.2,29.956,34659.1
gz-03-lote3-twin,tempCanopy,2026-09-26,24,1157,-15.5,76.1,29.968,34673.4
gz-03-lote3-twin,tempCanopy,2026-09-27,24,1157,-17.6,79.4,29.955,34658.2
gz-03-lote3-twin,tempCanopy,2026-09-28,20,946,-16.4,75.9,29.926,28310.3
gz-03-lote3-twin,tempSuelo,2026-09-21,2,81,-36.2,43.3,1.715,138.9
gz-03-lote3-twin,tempSuelo,2026-09-22,24,1158,-37.4,59.1,10.878,12596.6
gz-03-lote3-twin,tempSuelo,2026-09-23,24,1153,-34.4,57.6,10.335,11916.5
gz-03-lote3-twin,tempSuelo,2026-09-24,24,1157,-33.3,58.3,10.001,11571.5
gz-03-lote3-twin,tempSuelo,2026-09-25,24,1157,-38.2,52.8,9.967,11531.6
gz-03-lote3-twin,tempSuelo,2026-09-26,24,1157,-37.6,55.9,9.961,11525.3
gz-03-lote3-twin,tempSuelo,2026-09-27,24,1157,-32.5,58.4,10.01,11581.2
gz-03-lote3-twin,tempSuelo,2026-09-28,20,946,-37.8,56.2,9.979,9440.0
gz-04-dosel-ws,bateria,2026-09-21,2,100,71,72,71.84,7184.0
gz-04-dosel-ws,bateria,2026-09-22,24,1439,70,100,81.572,117382.0
gz-04-dosel-ws,bateria,2026-09-23,24,1436,70,100,81.306,116756.0
gz-04-dosel-ws,bateria,2026-09-24,24,1436,71,100,82.031,117796.0
gz-04-dosel-ws,bateria,2026-09-25,24,1438,70,100,81.605,117348.0
gz-04-dosel-ws,bateria,2026-09-26,24,1436,71,100,82.262,118128.0
gz-04-dosel-ws,bateria,2026-09-27,24,1437,70,100,81.349,116899.0
gz-04-dosel-ws,bateria,2026-09-28,20,1173,70,100,83.713,98195.0
gz-04-dosel-ws,dpvDosel,2026-09-21,2,100,0.08,0.17,0.123,12.26
gz-04-dosel-ws,dpvDosel,2026-09-22,24,1439,0.07,0.91,0.308,442.65
gz-04-dosel-ws,dpvDosel,2026-09-23,24,1436,0.08,1.14,0.29,416.43
gz-04-dosel-ws,dpvDosel,2026-09-24,24,1436,0.08,0.87,0.307,441.24
gz-04-dosel-ws,dpvDosel,2026-09-25,24,1438,0.07,1.18,0.368,528.75
gz-04-dosel-ws,dpvDosel,2026-09-26,24,1436,0.07,1.19,0.32,459.76
gz-04-dosel-ws,dpvDosel,2026-09-27,24,1437,0.08,1.16,0.346,497.68
gz-04-dosel-ws,dpvDosel,2026-09-28,20,1173,0.07,1.16,0.373,437.26
gz-04-dosel-ws,hrDosel,2026-09-21,2,100,92.8,96.7,94.845,9484.5
gz-04-dosel-ws,hrDosel,2026-09-22,24,1439,74.3,97,89.173,128319.3
gz-04-dosel-ws,hrDosel,2026-09-23,24,1436,69.4,96.9,89.638,128720.4
gz-04-dosel-ws,hrDosel,2026-09-24,24,1436,74.9,96.7,89.14,128004.6
gz-04-dosel-ws,hrDosel,2026-09-25,24,1438,69.3,96.9,87.77,126212.7
gz-04-dosel-ws,hrDosel,2026-09-26,24,1436,69.9,97,88.884,127638.1
gz-04-dosel-ws,hrDosel,2026-09-27,24,1437,68.9,96.8,88.31,126901.4
gz-04-dosel-ws,hrDosel,2026-09-28,20,1173,69.7,97,87.325,102432.0
gz-04-dosel-ws,indiceSombra,2026-09-21,2,100,39.8,52.4,49.579,4957.9
gz-04-dosel-ws,indiceSombra,2026-09-22,24,1439,28.1,59.8,46.718,67227.5
gz-04-dosel-ws,indiceSombra,2026-09-23,24,1436,29.7,59.2,45.283,65025.9
gz-04-dosel-ws,indiceSombra,2026-09-24,24,1436,28.9,58,41.498,59591.7
gz-04-dosel-ws,indiceSombra,2026-09-25,24,1438,28.4,59.2,46.409,66736.6
gz-04-dosel-ws,indiceSombra,2026-09-26,24,1436,28.6,59.7,43.999,63182.9
gz-04-dosel-ws,indiceSombra,2026-09-27,24,1437,28.1,56.7,40.418,58081.3
gz-04-dosel-ws,indiceSombra,2026-09-28,20,1173,28.9,56.7,42.459,49803.9
gz-04-dosel-ws,luxDosel,2026-09-21,2,100,0,0,0.0,0.0
gz-04-dosel-ws,luxDosel,2026-09-22,24,1439,0,52195,10737.393,15451109.0
gz-04-dosel-ws,luxDosel,2026-09-23,24,1436,0,55581,11346.14,16293057.0
gz-04-dosel-ws,luxDosel,2026-09-24,24,1436,0,43284,11463.069,16460967.0
gz-04-dosel-ws,luxDosel,2026-09-25,24,1438,0,54845,13468.509,19367716.0
gz-04-dosel-ws,luxDosel,2026-09-26,24,1436,0,57387,11781.994,16918943.0
gz-04-dosel-ws,luxDosel,2026-09-27,24,1437,0,68230,14917.019,21435756.0
gz-04-dosel-ws,luxDosel,2026-09-28,20,1173,0,60155,15421.669,18089618.0
gz-04-dosel-ws,tempDosel,2026-09-21,2,100,19.6,20.8,20.319,2031.9
gz-04-dosel-ws,tempDosel,2026-09-22,24,1439,19.5,27.4,21.857,31452.7
gz-04-dosel-ws,tempDosel,2026-09-23,24,1436,19.5,27.8,21.646,31083.0
gz-04-dosel-ws,tempDosel,2026-09-24,24,1436,19.5,26.5,21.849,31375.1
gz-04-dosel-ws,tempDosel,2026-09-25,24,1438,19.5,28.3,22.329,32108.5
gz-04-dosel-ws,tempDosel,2026-09-26,24,1436,19.3,28.7,21.833,31352.9
gz-04-dosel-ws,tempDosel,2026-09-27,24,1437,19.5,28.2,22.116,31780.5
gz-04-dosel-ws,tempDosel,2026-09-28,20,1173,19.4,28.2,22.274,26127.6
gz-05-estacion-replay,bateria,2026-09-21,2,100,58,61,59.33,5933.0
gz-05-estacion-replay,bateria,2026-09-22,23,1311,59,92,71.796,94124.0
gz-05-estacion-replay,bateria,2026-09-23,23,1307,59,91,70.697,92401.0
gz-05-estacion-replay,bateria,2026-09-24,23,1308,58,92,69.114,90401.0
gz-05-estacion-replay,bateria,2026-09-25,23,1307,58,92,69.064,90266.0
gz-05-estacion-replay,bateria,2026-09-26,23,1307,59,92,68.697,89787.0
gz-05-estacion-replay,bateria,2026-09-27,23,1308,58,91,68.655,89801.0
gz-05-estacion-replay,bateria,2026-09-28,19,1044,58,92,73.311,76537.0
gz-05-estacion-replay,horasHumectacion,2026-09-21,2,100,0,0.33,0.035,3.5
gz-05-estacion-replay,horasHumectacion,2026-09-22,23,1311,0.02,8.28,5.703,7477.04
gz-05-estacion-replay,horasHumectacion,2026-09-23,23,1307,0.02,11.97,6.962,9099.81
gz-05-estacion-replay,horasHumectacion,2026-09-24,23,1308,0.02,12.17,7.094,9278.64
gz-05-estacion-replay,horasHumectacion,2026-09-25,23,1307,0,8.2,5.068,6623.44
gz-05-estacion-replay,horasHumectacion,2026-09-26,23,1307,0.02,11.97,6.984,9128.59
gz-05-estacion-replay,horasHumectacion,2026-09-27,23,1308,0.02,12.17,7.083,9264.8
gz-05-estacion-replay,horasHumectacion,2026-09-28,19,1044,0.02,11.85,8.028,8381.72
gz-05-estacion-replay,humedadFoliar,2026-09-21,2,100,19.1,64.6,35.706,3570.6
gz-05-estacion-replay,humedadFoliar,2026-09-22,23,1311,13.1,87.2,49.668,65114.1
gz-05-estacion-replay,humedadFoliar,2026-09-23,23,1307,13.4,80.8,51.614,67459.7
gz-05-estacion-replay,humedadFoliar,2026-09-24,23,1308,13,88.8,50.305,65798.8
gz-05-estacion-replay,humedadFoliar,2026-09-25,23,1307,13.1,87.2,51.882,67810.0
gz-05-estacion-replay,humedadFoliar,2026-09-26,23,1307,13.1,80.8,50.934,66570.5
gz-05-estacion-replay,humedadFoliar,2026-09-27,23,1308,13.4,88.8,50.298,65790.4
gz-05-estacion-replay,humedadFoliar,2026-09-28,19,1044,13,80.1,37.813,39476.3
gz-05-estacion-replay,lluviaLote,2026-09-21,2,100,0,1.8,0.132,13.2
gz-05-estacion-replay,lluviaLote,2026-09-22,23,1311,0,5.5,0.2,261.6
gz-05-estacion-replay,lluviaLote,2026-09-23,23,1307,0,16.9,0.509,664.9
gz-05-estacion-replay,lluviaLote,2026-09-24,23,1308,0,1.9,0.051,66.5
gz-05-estacion-replay,lluviaLote,2026-09-25,23,1307,0,6.8,0.363,474.3
gz-05-estacion-replay,lluviaLote,2026-09-26,23,1307,0,5.5,0.136,177.8
gz-05-estacion-replay,lluviaLote,2026-09-27,23,1308,0,16.9,0.559,731.4
gz-05-estacion-replay,lluviaLote,2026-09-28,19,1044,0,6.8,0.365,381.4
gz-05-estacion-replay,riesgoMonilia,2026-09-21,2,100,4,17,8.56,856.0
gz-05-estacion-replay,riesgoMonilia,2026-09-22,23,1311,6,63,25.768,33782.0
gz-05-estacion-replay,riesgoMonilia,2026-09-23,23,1307,3,67,27.782,36311.0
gz-05-estacion-replay,riesgoMonilia,2026-09-24,23,1308,7,69,27.698,36229.0
gz-05-estacion-replay,riesgoMonilia,2026-09-25,23,1307,4,63,25.741,33643.0
gz-05-estacion-replay,riesgoMonilia,2026-09-26,23,1307,8,67,29.174,38130.0
gz-05-estacion-replay,riesgoMonilia,2026-09-27,23,1308,3,69,27.83,36401.0
gz-05-estacion-replay,riesgoMonilia,2026-09-28,19,1044,7,62,25.747,26880.0
gz-05-estacion-replay,tempFoliar,2026-09-21,2,100,20,21.1,20.546,2054.6
gz-05-estacion-replay,tempFoliar,2026-09-22,23,1311,19.8,29.1,23.479,30781.3
gz-05-estacion-replay,tempFoliar,2026-09-23,23,1307,19.8,29.4,23.242,30377.4
gz-05-estacion-replay,tempFoliar,2026-09-24,23,1308,19.8,29,22.909,29965.6
gz-05-estacion-replay,tempFoliar,2026-09-25,23,1307,19.8,29.1,22.841,29852.9
gz-05-estacion-replay,tempFoliar,2026-09-26,23,1307,19.8,28.9,22.638,29587.4
gz-05-estacion-replay,tempFoliar,2026-09-27,23,1308,19.8,29.4,22.89,29940.2
gz-05-estacion-replay,tempFoliar,2026-09-28,19,1044,19.8,29,24.023,25080.4
gz-06-meteo-atlas,direccionViento,2026-09-21,2,20,135,158,137.3,2746.0
gz-06-meteo-atlas,direccionViento,2026-09-22,24,288,104,315,220.17,63409.0
gz-06-meteo-atlas,direccionViento,2026-09-23,24,287,88,315,212.31,60933.0
gz-06-meteo-atlas,direccionViento,2026-09-24,24,288,135,315,205.729,59250.0
gz-06-meteo-atlas,direccionViento,2026-09-25,24,288,64,315,195.58,56327.0
gz-06-meteo-atlas,direccionViento,2026-09-26,24,287,113,338,237.24,68088.0
gz-06-meteo-atlas,direccionViento,2026-09-27,24,288,50,315,158.378,45613.0
gz-06-meteo-atlas,direccionViento,2026-09-28,20,235,51,167,108.996,25614.0
gz-06-meteo-atlas,hrExterior,2026-09-21,2,20,83,88,86.0,1720.0
gz-06-meteo-atlas,hrExterior,2026-09-22,24,288,56,97,76.949,22161.3
gz-06-meteo-atlas,hrExterior,2026-09-23,24,287,57,95,77.081,22122.2
gz-06-meteo-atlas,hrExterior,2026-09-24,24,288,59,93,76.377,21996.7
gz-06-meteo-atlas,hrExterior,2026-09-25,24,288,64,94,82.391,23728.5
gz-06-meteo-atlas,hrExterior,2026-09-26,24,287,72,98,83.836,24061.0
gz-06-meteo-atlas,hrExterior,2026-09-27,24,288,67,100,86.836,25008.7
gz-06-meteo-atlas,hrExterior,2026-09-28,20,235,63.9,94.5,84.337,19819.1
gz-06-meteo-atlas,indiceUV,2026-09-21,2,20,0,0,0.0,0.0
gz-06-meteo-atlas,indiceUV,2026-09-22,24,288,0,10.6,1.989,572.7
gz-06-meteo-atlas,indiceUV,2026-09-23,24,287,0,8,1.53,439.0
gz-06-meteo-atlas,indiceUV,2026-09-24,24,288,0,6,1.128,324.9
gz-06-meteo-atlas,indiceUV,2026-09-25,24,288,0,5,0.873,251.5
gz-06-meteo-atlas,indiceUV,2026-09-26,24,287,0,3,0.628,180.1
gz-06-meteo-atlas,indiceUV,2026-09-27,24,288,0,10.6,1.786,514.3
gz-06-meteo-atlas,indiceUV,2026-09-28,20,235,0,11,4.395,1032.8
gz-06-meteo-atlas,lluviaAcumulada,2026-09-21,2,20,10.7,13.9,11.98,239.6
gz-06-meteo-atlas,lluviaAcumulada,2026-09-22,24,288,0,24.1,16.249,4679.7
gz-06-meteo-atlas,lluviaAcumulada,2026-09-23,24,287,0,17.6,11.438,3282.6
gz-06-meteo-atlas,lluviaAcumulada,2026-09-24,24,288,0,13.9,10.769,3101.4
gz-06-meteo-atlas,lluviaAcumulada,2026-09-25,24,288,0,19.4,11.737,3380.2
gz-06-meteo-atlas,lluviaAcumulada,2026-09-26,24,287,0,37.5,25.75,7390.2
gz-06-meteo-atlas,lluviaAcumulada,2026-09-27,24,288,0,67.6,17.455,5027.0
gz-06-meteo-atlas,lluviaAcumulada,2026-09-28,20,235,0,50.2,2.851,670.0
gz-06-meteo-atlas,presionBarometrica,2026-09-21,2,20,1013.2,1018,1016.08,20321.6
gz-06-meteo-atlas,presionBarometrica,2026-09-22,24,288,1010.1,1018,1016.086,292632.7
gz-06-meteo-atlas,presionBarometrica,2026-09-23,24,287,1013,1018,1015.823,291541.1
gz-06-meteo-atlas,presionBarometrica,2026-09-24,24,288,1011.7,1017,1015.28,292400.7
gz-06-meteo-atlas,presionBarometrica,2026-09-25,24,288,1010.2,1019,1016.386,292719.2
gz-06-meteo-atlas,presionBarometrica,2026-09-26,24,287,1011.1,1019,1016.673,291785.1
gz-06-meteo-atlas,presionBarometrica,2026-09-27,24,288,1009.6,1019,1014.69,292230.6
gz-06-meteo-atlas,presionBarometrica,2026-09-28,20,235,1010.2,1013.3,1012.046,237830.9
gz-06-meteo-atlas,puntoRocio,2026-09-21,2,20,22.8,23.1,22.95,459.0
gz-06-meteo-atlas,puntoRocio,2026-09-22,24,288,19.9,23.9,23.077,6646.1
gz-06-meteo-atlas,puntoRocio,2026-09-23,24,287,21.4,25.3,23.047,6614.5
gz-06-meteo-atlas,puntoRocio,2026-09-24,24,288,20.8,23.8,22.471,6471.7
gz-06-meteo-atlas,puntoRocio,2026-09-25,24,288,20.5,25.2,22.751,6552.4
gz-06-meteo-atlas,puntoRocio,2026-09-26,24,287,19.3,25.1,22.552,6472.3
gz-06-meteo-atlas,puntoRocio,2026-09-27,24,288,18.1,23.4,21.181,6100.1
gz-06-meteo-atlas,puntoRocio,2026-09-28,20,235,17.9,24.6,20.36,4784.5
gz-06-meteo-atlas,radiacionSolar,2026-09-21,2,20,0,0,0.0,0.0
gz-06-meteo-atlas,radiacionSolar,2026-09-22,24,288,0,751.3,229.327,66046.1
gz-06-meteo-atlas,radiacionSolar,2026-09-23,24,287,0,751.2,222.136,63752.9
gz-06-meteo-atlas,radiacionSolar,2026-09-24,24,288,0,445.9,111.307,32056.4
gz-06-meteo-atlas,radiacionSolar,2026-09-25,24,288,0,402.5,123.09,35449.9
gz-06-meteo-atlas,radiacionSolar,2026-09-26,24,287,0,369.3,114.302,32804.6
gz-06-meteo-atlas,radiacionSolar,2026-09-27,24,288,0,864.3,161.362,46472.4
gz-06-meteo-atlas,radiacionSolar,2026-09-28,20,235,0,1019.8,285.254,67034.7
gz-06-meteo-atlas,tempExterior,2026-09-21,2,20,25.2,25.9,25.48,509.6
gz-06-meteo-atlas,tempExterior,2026-09-22,24,288,21.1,33.5,27.703,7978.4
gz-06-meteo-atlas,tempExterior,2026-09-23,24,287,23.2,33,27.572,7913.3
gz-06-meteo-atlas,tempExterior,2026-09-24,24,288,22.8,32.6,27.086,7800.8
gz-06-meteo-atlas,tempExterior,2026-09-25,24,288,22.3,31.2,26.052,7503.0
gz-06-meteo-atlas,tempExterior,2026-09-26,24,287,21.7,29,25.518,7323.6
gz-06-meteo-atlas,tempExterior,2026-09-27,24,288,20,30,23.706,6827.3
gz-06-meteo-atlas,tempExterior,2026-09-28,20,235,20.1,30.3,23.49,5520.1
gz-06-meteo-atlas,velocidadViento,2026-09-21,2,20,6,7.5,6.63,132.6
gz-06-meteo-atlas,velocidadViento,2026-09-22,24,288,4.8,12.6,9.149,2634.9
gz-06-meteo-atlas,velocidadViento,2026-09-23,24,287,2.9,13.5,8.496,2438.4
gz-06-meteo-atlas,velocidadViento,2026-09-24,24,288,6.2,13.7,8.887,2559.4
gz-06-meteo-atlas,velocidadViento,2026-09-25,24,288,6,13.5,9.137,2631.5
gz-06-meteo-atlas,velocidadViento,2026-09-26,24,287,4.7,13.7,9.032,2592.3
gz-06-meteo-atlas,velocidadViento,2026-09-27,24,288,3.2,13,8.347,2403.8
gz-06-meteo-atlas,velocidadViento,2026-09-28,20,235,2.6,12.4,7.371,1732.1
gz-07-aire-openmeteo,aqi,2026-09-21,2,10,30,30,30.0,300.0
gz-07-aire-openmeteo,aqi,2026-09-22,24,144,21,37,29.639,4268.0
gz-07-aire-openmeteo,aqi,2026-09-23,24,144,18,34,26.625,3834.0
gz-07-aire-openmeteo,aqi,2026-09-24,24,143,23,55,35.853,5127.0
gz-07-aire-openmeteo,aqi,2026-09-25,24,144,23,44,35.701,5141.0
gz-07-aire-openmeteo,aqi,2026-09-26,24,144,14,40,30.25,4356.0
gz-07-aire-openmeteo,aqi,2026-09-27,24,143,18,28,23.42,3349.0
gz-07-aire-openmeteo,aqi,2026-09-28,20,118,20,30,24.627,2906.0
gz-07-aire-openmeteo,hrAire,2026-09-21,2,10,88,88,88.0,880.0
gz-07-aire-openmeteo,hrAire,2026-09-22,24,144,61,99,80.799,11635.0
gz-07-aire-openmeteo,hrAire,2026-09-23,24,144,65,100,84.472,12164.0
gz-07-aire-openmeteo,hrAire,2026-09-24,24,143,66,99,82.97,11864.7
gz-07-aire-openmeteo,hrAire,2026-09-25,24,144,76,99,93.118,13409.0
gz-07-aire-openmeteo,hrAire,2026-09-26,24,144,65,99,88.174,12697.0
gz-07-aire-openmeteo,hrAire,2026-09-27,24,143,81,100,93.112,13315.0
gz-07-aire-openmeteo,hrAire,2026-09-28,20,118,73,99,89.983,10618.0
gz-07-aire-openmeteo,pm10,2026-09-21,2,10,10.8,10.8,10.8,108.0
gz-07-aire-openmeteo,pm10,2026-09-22,24,144,5.3,11.5,7.551,1087.4
gz-07-aire-openmeteo,pm10,2026-09-23,24,144,3.8,8,6.281,904.4
gz-07-aire-openmeteo,pm10,2026-09-24,24,143,5.5,27.4,8.797,1258.0
gz-07-aire-openmeteo,pm10,2026-09-25,24,144,6.5,23.7,14.295,2058.5
gz-07-aire-openmeteo,pm10,2026-09-26,24,144,3.9,17.1,7.635,1099.5
gz-07-aire-openmeteo,pm10,2026-09-27,24,143,2,8.2,4.482,640.9
gz-07-aire-openmeteo,pm10,2026-09-28,20,118,3.9,8.9,5.392,636.3
gz-07-aire-openmeteo,pm25,2026-09-21,2,10,10,10,10.0,100.0
gz-07-aire-openmeteo,pm25,2026-09-22,24,144,5.1,10.5,7.086,1020.4
gz-07-aire-openmeteo,pm25,2026-09-23,24,144,3.7,7.7,5.989,862.4
gz-07-aire-openmeteo,pm25,2026-09-24,24,143,5.3,11.2,8.266,1182.1
gz-07-aire-openmeteo,pm25,2026-09-25,24,144,6.3,21.3,12.983,1869.5
gz-07-aire-openmeteo,pm25,2026-09-26,24,144,3.7,15.6,7.156,1030.5
gz-07-aire-openmeteo,pm25,2026-09-27,24,143,2,7.9,4.372,625.2
gz-07-aire-openmeteo,pm25,2026-09-28,20,118,3.8,8.6,5.24,618.3
gz-07-aire-openmeteo,tempAire,2026-09-21,2,10,23.3,23.3,23.3,233.0
gz-07-aire-openmeteo,tempAire,2026-09-22,24,144,21.6,30.7,25.535,3677.0
gz-07-aire-openmeteo,tempAire,2026-09-23,24,144,21.7,29.9,25.194,3627.9
gz-07-aire-openmeteo,tempAire,2026-09-24,24,143,21.2,28.9,24.945,3567.2
gz-07-aire-openmeteo,tempAire,2026-09-25,24,144,21.8,27.4,23.88,3438.7
gz-07-aire-openmeteo,tempAire,2026-09-26,24,144,20.9,29.1,24.388,3511.8
gz-07-aire-openmeteo,tempAire,2026-09-27,24,143,21.5,26.8,23.415,3348.3
gz-07-aire-openmeteo,tempAire,2026-09-28,20,118,21.7,27.8,23.994,2831.3
gz-08-secado-wokwi,horasFermentacion,2026-09-21,2,13,0,4.3,3.638,47.3
gz-08-secado-wokwi,horasFermentacion,2026-09-22,4,98,16.4,21.3,17.599,1724.7
gz-08-secado-wokwi,horasFermentacion,2026-09-25,4,204,87.9,90.7,89.473,18252.5
gz-08-secado-wokwi,horasFermentacion,2026-09-26,2,44,120.4,120.9,120.659,5309.0
gz-08-secado-wokwi,hrCaja,2026-09-21,2,13,84,88,84.615,1100.0
gz-08-secado-wokwi,hrCaja,2026-09-22,4,98,72.6,82.6,74.479,7298.9
gz-08-secado-wokwi,hrCaja,2026-09-25,4,204,72.4,76.8,74.205,15137.8
gz-08-secado-wokwi,hrCaja,2026-09-26,2,44,86.9,89.1,87.932,3869.0
gz-08-secado-wokwi,masaEstimada,2026-09-21,2,13,301,500,331.669,4311.7
gz-08-secado-wokwi,masaEstimada,2026-09-22,4,98,321,328,326.211,31968.7
gz-08-secado-wokwi,masaEstimada,2026-09-25,4,204,228.3,232.9,230.581,47038.5
gz-08-secado-wokwi,masaEstimada,2026-09-26,2,44,158,160,158.905,6991.8
gz-08-secado-wokwi,phPulpa,2026-09-21,2,13,2.99,6,3.453,44.89
gz-08-secado-wokwi,phPulpa,2026-09-22,4,98,4.11,4.16,4.125,404.28
gz-08-secado-wokwi,phPulpa,2026-09-25,4,204,4.82,4.89,4.854,990.29
gz-08-secado-wokwi,phPulpa,2026-09-26,2,44,4.64,4.69,4.665,205.26
gz-08-secado-wokwi,tempCaja,2026-09-21,2,13,20.6,34,22.662,294.6
gz-08-secado-wokwi,tempCaja,2026-09-22,4,98,28.7,30,29.168,2858.5
gz-08-secado-wokwi,tempCaja,2026-09-25,4,204,40.6,41.7,41.201,8405.0
gz-08-secado-wokwi,tempCaja,2026-09-26,2,44,32.3,32.9,32.627,1435.6
gz-08-secado-wokwi,tempNucleoMasa,2026-09-21,2,13,26.1,45.9,29.146,378.9
gz-08-secado-wokwi,tempNucleoMasa,2026-09-22,4,98,32.2,34.7,32.767,3211.2
gz-08-secado-wokwi,tempNucleoMasa,2026-09-25,4,204,44.3,45.3,44.761,9131.2
gz-08-secado-wokwi,tempNucleoMasa,2026-09-26,2,44,37.9,38.5,38.255,1683.2
gz-09-riego-http,caudal,2026-09-21,2,50,0,0,0.0,0.0
gz-09-riego-http,caudal,2026-09-22,24,715,0,125.9,14.547,10400.8
gz-09-riego-http,caudal,2026-09-23,24,715,0,126.4,14.726,10529.0
gz-09-riego-http,caudal,2026-09-24,24,715,0,126.9,14.888,10644.7
gz-09-riego-http,caudal,2026-09-25,24,716,0,126.6,14.654,10492.2
gz-09-riego-http,caudal,2026-09-26,24,716,0,126.9,14.171,10146.7
gz-09-riego-http,caudal,2026-09-27,24,714,0,125.3,14.888,10629.8
gz-09-riego-http,caudal,2026-09-28,20,584,0,126.4,18.191,10623.6
gz-09-riego-http,nivelTanque,2026-09-21,2,50,79.8,82.8,80.686,4034.3
gz-09-riego-http,nivelTanque,2026-09-22,24,715,52.8,82.3,68.077,48675.0
gz-09-riego-http,nivelTanque,2026-09-23,24,715,52.8,82.3,69.168,49454.9
gz-09-riego-http,nivelTanque,2026-09-24,24,715,52.6,83.6,68.182,48750.4
gz-09-riego-http,nivelTanque,2026-09-25,24,716,52.3,83.6,67.88,48602.4
gz-09-riego-http,nivelTanque,2026-09-26,24,716,52.1,83.4,68.749,49224.6
gz-09-riego-http,nivelTanque,2026-09-27,24,714,52.3,83.4,68.607,48985.1
gz-09-riego-http,nivelTanque,2026-09-28,20,584,53.3,83.4,66.798,39010.1
gz-09-riego-http,presionLinea,2026-09-21,2,50,0.56,0.65,0.595,29.73
gz-09-riego-http,presionLinea,2026-09-22,24,715,0.55,3.64,0.954,682.45
gz-09-riego-http,presionLinea,2026-09-23,24,715,0.55,3.64,0.954,681.89
gz-09-riego-http,presionLinea,2026-09-24,24,715,0.55,3.64,0.95,679.01
gz-09-riego-http,presionLinea,2026-09-25,24,716,0.55,3.62,0.949,679.68
gz-09-riego-http,presionLinea,2026-09-26,24,716,0.55,3.64,0.938,671.91
gz-09-riego-http,presionLinea,2026-09-27,24,714,0.55,3.62,0.957,683.54
gz-09-riego-http,presionLinea,2026-09-28,20,584,0.55,3.65,1.033,603.31
gz-09-riego-http,volumenAcumulado,2026-09-21,2,50,0,0,0.0,0.0
gz-09-riego-http,volumenAcumulado,2026-09-22,24,715,0,21.728,10.786,7712.195
gz-09-riego-http,volumenAcumulado,2026-09-23,24,715,0,22.046,11.012,7873.66
gz-09-riego-http,volumenAcumulado,2026-09-24,24,715,0,21.774,10.96,7836.337
gz-09-riego-http,volumenAcumulado,2026-09-25,24,716,0,17.591,7.908,5662.403
gz-09-riego-http,volumenAcumulado,2026-09-26,24,716,0,21.461,11.03,7897.551
gz-09-riego-http,volumenAcumulado,2026-09-27,24,714,0,21.942,11.043,7884.94
gz-09-riego-http,volumenAcumulado,2026-09-28,20,584,0,22.404,8.82,5150.788
gz-09-riego-http,volumenTanque,2026-09-21,2,50,38.3,39.76,38.728,1936.39
gz-09-riego-http,volumenTanque,2026-09-22,24,715,25.37,39.52,32.677,23364.04
gz-09-riego-http,volumenTanque,2026-09-23,24,715,25.35,39.52,33.2,23737.97
gz-09-riego-http,volumenTanque,2026-09-24,24,715,25.26,40.13,32.728,23400.27
gz-09-riego-http,volumenTanque,2026-09-25,24,716,25.09,40.13,32.582,23328.74
gz-09-riego-http,volumenTanque,2026-09-26,24,716,25.01,40.03,33.0,23627.95
gz-09-riego-http,volumenTanque,2026-09-27,24,714,25.12,40.04,32.931,23512.92
gz-09-riego-http,volumenTanque,2026-09-28,20,584,25.58,40.05,32.063,18724.77
gz-10-perimetro-paho,eventosAcceso,2026-09-21,2,183,0,4,1.503,275.0
gz-10-perimetro-paho,eventosAcceso,2026-09-22,24,2428,4,211,109.9,266836.0
gz-10-perimetro-paho,eventosAcceso,2026-09-23,24,2462,211,412,320.379,788772.0
gz-10-perimetro-paho,eventosAcceso,2026-09-24,24,2521,412,621,519.23,1308979.0
gz-10-perimetro-paho,eventosAcceso,2026-09-25,24,2512,0,628,264.019,663216.0
gz-10-perimetro-paho,eventosAcceso,2026-09-26,24,2363,213,411,311.413,735870.0
gz-10-perimetro-paho,eventosAcceso,2026-09-27,24,2535,411,613,516.098,1308308.0
gz-10-perimetro-paho,eventosAcceso,2026-09-28,20,2040,613,819,701.728,1431526.0
gz-10-perimetro-paho,hrBodega,2026-09-21,2,183,60.5,66.3,63.792,11673.9
gz-10-perimetro-paho,hrBodega,2026-09-22,24,2428,50.7,67,59.853,145324.2
gz-10-perimetro-paho,hrBodega,2026-09-23,24,2462,52.3,66.6,59.62,146784.2
gz-10-perimetro-paho,hrBodega,2026-09-24,24,2521,50.6,67,59.978,151205.7
gz-10-perimetro-paho,hrBodega,2026-09-25,24,2512,50.4,66.6,60.029,150792.9
gz-10-perimetro-paho,hrBodega,2026-09-26,24,2363,52.1,66.3,59.936,141628.0
gz-10-perimetro-paho,hrBodega,2026-09-27,24,2535,50.8,67,60.047,152218.5
gz-10-perimetro-paho,hrBodega,2026-09-28,20,2040,50.6,66.8,59.479,121337.1
gz-10-perimetro-paho,nivelBateriaRespaldo,2026-09-21,2,183,86,89,86.754,15876.0
gz-10-perimetro-paho,nivelBateriaRespaldo,2026-09-22,24,2428,79,96,88.443,214740.0
gz-10-perimetro-paho,nivelBateriaRespaldo,2026-09-23,24,2462,82,96,86.684,213415.0
gz-10-perimetro-paho,nivelBateriaRespaldo,2026-09-24,24,2521,82,95,88.094,222084.0
gz-10-perimetro-paho,nivelBateriaRespaldo,2026-09-25,24,2512,79,96,88.353,221943.0
gz-10-perimetro-paho,nivelBateriaRespaldo,2026-09-26,24,2363,80,90,84.011,198519.0
gz-10-perimetro-paho,nivelBateriaRespaldo,2026-09-27,24,2535,80,96,87.279,221253.0
gz-10-perimetro-paho,nivelBateriaRespaldo,2026-09-28,20,2040,79,96,87.153,177793.0
gz-10-perimetro-paho,tempBodega,2026-09-21,2,183,21.3,22,21.715,3973.8
gz-10-perimetro-paho,tempBodega,2026-09-22,24,2428,21,28.3,23.622,57354.6
gz-10-perimetro-paho,tempBodega,2026-09-23,24,2462,21,27.9,23.518,57901.5
gz-10-perimetro-paho,tempBodega,2026-09-24,24,2521,20.9,28.1,23.541,59346.2
gz-10-perimetro-paho,tempBodega,2026-09-25,24,2512,20.9,28.3,23.6,59283.9
gz-10-perimetro-paho,tempBodega,2026-09-26,24,2363,20.9,28.4,23.501,55532.6
gz-10-perimetro-paho,tempBodega,2026-09-27,24,2535,20.9,28.3,23.592,59805.9
gz-10-perimetro-paho,tempBodega,2026-09-28,20,2040,20.9,28.3,24.066,49094.6
